ID,seq
1144,T
2108,A
1175,A
1546,C
1703,A
1956,C
1028,G
699,TT
1438,A
687,T
185,A
1090,A
1662,T
2015,G
1370,T
525,A
365,A
638,T
1704,T
263,TT
422,T
1266,A
183,TCAGAGCGCTTCCAAAATCATAACC
1646,T
1823,T
551,A
694,A
1373,T
637,G
730,T
1050,C
1276,TTATTGTTGCGGC
802,A
1356,C
103,T
526,A
844,C
59,C
1171,C
211,T
366,T
1058,G
1102,C
79,A
1388,T
2030,G
1570,C
1574,A
1864,C
889,T
485,G
1636,C
732,C
918,T
2078,T
535,T
1896,C
1075,C
448,T
1725,C
2086,C
1873,A
438,G
1526,T
436,A
1928,T
1769,T
454,C
154,C
206,T
1052,T
1374,A
2114,G
500,A
716,C
828,G
1138,G
1604,G
2041,T
595,T
1906,C
937,G
325,T
616,C
1221,G
145,G
558,T
1497,C
1845,T
457,T
1539,C
970,C
1670,C
351,AAATT
821,A
158,C
1661,C
896,T
1056,T
587,TCAATTAGATGAAGAGCAACC
1070,A
92,A
936,G
2103,T
118,TCACAATT
1678,T
1004,C
1091,A
1147,T
1045,A
537,GATTACATC
1635,T
1255,A
1001,AA
1274,T
1336,A
304,T
18,GC
1836,T
1282,ACACTTTGCTTCACACTC
2082,A
349,A
1448,T
217,C
1372,T
412,C
876,C
900,G
2051,A
1475,T
1783,A
1719,T
1528,T
1325,G
1935,GA
1913,G
1238,T
285,C
2075,C
1559,T
80,G
795,T
490,G
1362,A
143,C
908,G
1908,T
684,T
1302,T
723,T
419,C
1637,C
650,C
1232,C
1395,T
1344,G
367,C
186,T
1811,C
1941,A
991,A
1458,T
1865,T
1116,A
316,T
1732,A
356,A
599,A
2067,A
1714,G
487,G
2031,C
702,TT
1642,C
1398,T
2019,G
744,A
1883,C
1079,A
484,A
1186,A
1043,C
340,T
329,G
881,T
662,G
2112,C
1872,C
1103,A
534,AATTATTATGAGGACTT
1560,C
241,T
236,C
1792,T
649,T
775,C
988,T
735,T
1137,A
2090,G
738,A
357,T
403,A
884,A
1315,A
608,G
597,G
305,G
1283,A
757,T
1770,T
197,T
233,A
196,G
1614,A
408,A
324,T
1064,G
1151,C
1169,T
698,TTTTTT
736,G
1452,A
1479,T
205,A
327,T
122,A
1830,A
961,A
596,G
1842,A
1377,T
710,C
1493,C
321,G
903,G
2055,G
248,A
589,T
1759,C
455,CGGAGTTGTTAATCCAGTAATGGAACCAATTTATGATGAACCGACGACGACTACTAGCGTGCCTTTGTAAGCACAAGCTGATGAGTACGAACTTATGTACTCATTCGTTTCGGAAGAGACAGGTACGTTAATAGTTAATAGCGTACTTCTTTTTCTTGCTTTCGTGGTATTCTTGCTAGTTACACTAGCCATCCTTACTGCGCTTCGATTGTGTGCGTACTGCTGCAATATTGTTAACGTGAGTCTTGTAAAACCTTCTTTTTACGTTTACTCTCGTGTTAAAAATCTGAATTCTTCTAGAGTTCCTGATCTTCTGGTCTAAACGAACTAAATATTATATTAGTTTTTCTGTTTGGAACTTTAATTTTAGCCATGGCAGATTCCAACGGTACTATTACCGTTGAAGAGCTTAAAAAGCTCCTTGAACAATGGAACCTAGTAATAGGTTTCCTATTCCTTACATGGATTTGTCTTCTACAATTTGCCTATGCCAACAGGAATAGGTTTTTGTATATAATTAAGTTAATTTTCCTCTGGCTGTTATGGCCAGTAACTTTAGCTTGTTTTGTGCTTGCTGCTGTTTACAGAATAAATTGGATCACCGGTGGAATTGCTATCGCAATGGCTTGTCTTGTAGGCTTGATGTGGCTCAGCTACTTCATTGCTTCTTTCAGACTGTTTGCGCGTACGCGTTCCATGTGGTCATTCAATCCAGAAACTAACATTCTTCTCAACGTGCCACTCCATGGCACTATTCTGACCAGACCGCTTCTAGAAAGTGAACTCGTAATCGGAGCTGTGATCCTTCGTGGACATCTTCGTATTGCTGGACACCATCTAGGACGCTGTGACATCAAGGACCTGCCTAAAGAAATCACTGTTGCTACATCACGAACGCTTTCTTATTACAAATTGGGAGCTTCGCAGCGTGTAGCAGGTGACTCAGGTTTTGCTGCATACAGTCGCTACAGGATTGGCAACTATAAATTAAACACAGACCATTCCAGTAGCAGTGACAATATTGCTTTGCTTGTACAGTAAGTGACAACAGATGTTTCATCTCGTTGACTTTCAGGTTACTATAGC
160,A
49,C
664,A
2042,C
902,C
631,T
995,T
396,A
131,G
570,T
1607,G
563,A
373,G
2081,C
286,C
536,TAAAGTTTCCATTTGGAATCTT
626,T
975,A
923,C
1927,T
1309,A
181,TTGCACTTCTTG
594,T
1664,AAA
1999,G
446,C
1041,T
56,T
1813,C
429,C
734,T
67,A
808,T
215,A
1442,C
2013,GCG
404,G
1743,T
1942,G
665,G
1899,G
1901,A
1727,C
479,T
1850,T
1393,T
2033,A
1434,G
1673,C
1581,T
1113,T
66,G
1391,T
1109,G
1429,T
1435,C
754,T
141,T
1831,T
450,C
477,C
1347,ATCAGCACC
135,C
912,T
1620,A
644,C
1198,AT
1404,C
974,T
170,T
1414,A
1875,GA
812,A
2052,C
1544,T
1761,A
509,G
391,C
1006,A
1748,T
507,T
1207,TT
1284,AAAGAAAG
911,A
1066,A
1961,C
1488,T
1520,G
522,T
283,C
1763,T
265,G
1337,G
136,T
117,C
1483,A
1252,A
1167,A
1324,G
1793,C
1127,T
758,C
2079,T
1988,C
977,A
706,TT
28,T
1068,AA
1701,C
1705,G
1345,A
1597,T
776,A
1290,ACTGCAAGATCATAATGAAACTTGTCACGCCTA
1666,CCC
1189,T
353,T
1623,A
1505,A
973,T
1622,A
1779,T
147,T
1272,AACTTTACTC
1958,G
1982,G
1667,C
1379,T
1173,C
1303,C
146,A
1205,T
749,A
1463,T
628,G
390,C
380,G
1334,G
193,G
1653,C
1129,C
271,AAA
2020,G
335,C
1086,A
1496,T
577,G
89,G
214,T
714,T
493,A
2113,TAG
552,A
1550,C
1035,TCAGATGTTCACCTAAGA
1470,G
1184,T
134,G
1216,T
1194,A
1048,G
1514,C
569,C
473,C
1440,ATG
871,A
1231,A
1286,CAGA
1758,T
394,T
2073,C
1852,T
816,A
410,T
1472,C
1013,C
171,A
2083,C
2025,A
1754,T
108,A
932,T
1930,A
1212,T
2,TCATTCAAGGAGGAGTTAGATAAATATTTTAAGAATCATACATCACCAGATGTTGATTTAGGTGACATCTCTGGCATTAATGCTTCAGTTGTAAACATTCAAAAAGAAATTGACCGCCTCAATGAGGTTGCCAAGAATTTAAATGAATCTCTCATCGATCTCCAAGAACTTGGAAAGTATGAGCAGTATATAAAATGGCCATGGTACATTTGGCTAGGTTTTATAGCTGGCTTGATTGCCATAGTAATGGTGACAATTATGCTTTGCTGTATGACCAGTTGCTGTAGTTGTCTCAAGGGCTGTTGTTCTTGTGGATCCTGCTGCAAATTTGATGAAGACGACTCTGAGCCAGTGCTCAAAGGAGTCAAATTACATTACACATAAACGAACTTATGGATTTGTTTATGAGAATCT
124,G
675,T
1847,A
654,A
2068,G
1997,T
312,G
81,TTT
1311,T
1551,C
1078,T
1081,C
1101,C
1490,C
2003,T
9,T
1003,T
1697,C
1230,C
409,A
1643,T
1911,ATT
1527,C
1420,T
916,C
88,T
759,G
2092,G
1474,A
1806,T
1269,T
1348,TTTAATTGAATTGTGCGTGGATGAGGC
1209,AGC
311,T
281,C
636,T
2014,T
1178,T
174,G
2100,A
634,A
1890,G
496,A
322,TTTGTAACAGTT
1694,T
550,T
1879,CA
910,C
985,T
2080,T
262,C
320,T
765,T
1804,C
787,G
1567,A
151,G
1587,T
1328,T
1182,C
1349,TGGTTCTAAATCACCCATTCAGTACATCGATATCGGTAATT
1386,G
244,T
1112,T
1513,T
1736,T
1262,C
1931,G
277,A
1060,G
854,A
1264,T
1271,CAAG
549,T
1162,A
1833,A
34,A
50,T
243,G
728,T
1508,C
194,G
1291,AACGAACATGAAATTTCTTGT
1206,GC
572,A
1837,T
1281,A
746,T
1417,T
106,T
1428,C
1254,C
1707,C
440,T
1577,T
2097,AT
1072,CTG
1838,C
1853,A
362,C
47,C
407,A
1950,G
892,C
1011,G
931,G
1093,A
1148,C
1450,T
1314,T
1176,T
1757,A
858,T
1010,G
983,A
673,A
251,A
1503,C
112,G
1457,A
2091,G
1468,G
1616,A
1191,A
1293,TCT
1094,TT
86,A
207,A
518,CAAAACGTAAG
1401,T
651,T
1193,A
1037,C
1092,C
430,G
1877,T
2101,G
23,T
1477,C
264,TG
1366,A
68,C
945,CC
1297,CC
1335,T
130,G
1361,T
1088,T
862,G
1594,C
336,A
468,T
958,C
639,T
195,T
1163,G
1684,T
904,C
222,A
1436,A
774,T
1233,G
276,T
1214,A
1893,T
806,C
560,T
532,C
1055,T
1305,A
435,G
2098,C
1460,G
1196,A
1363,T
1876,C
270,CTCAA
1190,G
1885,C
33,C
909,T
677,C
1924,A
1627,C
1034,T
482,G
527,C
1061,T
5,C
1682,A
1119,T
1312,T
748,G
418,T
747,C
282,T
556,T
954,C
1948,C
1484,A
1042,T
393,G
1784,C
674,T
1331,T
1097,TCTTT
437,T
1310,C
1824,C
1499,A
1685,T
36,G
1082,A
25,C
1721,C
783,G
769,G
1747,CA
1657,A
476,G
1715,G
341,T
1981,TAATC
287,A
1980,T
583,A
44,A
811,A
1571,T
29,A
1089,AGATCTGTTCTC
576,A
159,T
2012,T
785,T
1018,T
1279,A
782,A
1775,C
463,T
360,G
781,C
1822,A
1524,G
1829,G
800,C
1926,AC
618,T
1418,G
1080,A
2032,C
1840,G
402,G
413,A
110,T
950,C
501,C
234,T
272,GAGATGGC
182,CTGTTTT
1537,A
2104,A
470,G
1215,A
1638,G
1038,T
1364,G
943,C
1406,A
629,T
1541,A
1407,A
4,A
359,A
1516,C
1057,G
853,T
630,G
1408,A
119,GG
1894,T
1114,A
2077,T
948,T
1785,G
1558,A
1795,ACATAGCACAAGTAGAT
187,G
647,G
1668,T
109,A
445,A
453,A
1633,G
1791,C
872,T
297,C
2049,T
24,AA
1946,TG
959,G
1552,G
1889,G
464,C
2094,A
1005,T
447,G
480,C
633,A
1400,G
1104,A
913,A
1881,TT
830,A
268,A
1647,AACCAGAATGGAGAACGCAGTGGGGCGCGATCAAAACAACGTCGGCCCCAAGGTTTACCCAATAATACTGCGTCTTGGTTCACCGCTCTCACTCAACATGGCAAGGAAGACCTTAAATTCCCTCGAGGACAAGGCGTTCCAATTAACACCAATAGCAGTCCAGATGACCAAATTGGCTACTACCGAAGAGCTACCAGACGAATTCGTGGTGGTGACGGTAAAATGAAAGATCTCAGTCCAAGATGGTATTTCTACTACCTAGGAACTGGGCCAGAAGCTGGACTTCCCTATGGTGCTAACAAAGACGGCATCATATGGGTTGCAACTGAGGGAGCCTTGAATACACCAAAAGATCACATTGGCACCCGCAATCCTGCTAACAATGCTGCAATCGTGCTACAACTTCCTCAAGGAACAACATTGCCAAAAGGCTTCTACGCAGAAGGGAGCAGAGGCGGCAGTCAAGCCTCTTCTCGTTCCTCATCACGTAGTCGCAACAGTTCAAGAAATTCAACTCCAGGCAGCAGTAGGGGAACTTCTCCTGCTAGAATGGCTGGCAATGGCGGTGATGCTGCTCTTGCTTTGCTGCTGCTTGACAGATTGAACCAGCTTGAGAGCAAAATGTCTGGTAAAGGCCAACAACAACAAGGCCAAACTGTCACTAAGAAATCTGCTGCTGAGGCTTCTAAGAAGCCTCGGCAAAAACGTACTGCCACTAAAGCATACAATGTAACACAAGCTTTCGGCAGACGTGGTCCAGAACAAACCCAAGGAAATTTTGGGGACCAGGAACTAATCAGACAAGGAACTGATTACAAACATTGGCCGCAAATTGCACAATTTGCCCCCAGCGCTTCAGCGTTCTTCGGAATGTCGCGCATTGGCATGGAAGTCACACCTTCGGGAACGTGGTTGACCTACACAGGTGCCATCAAATTGGATGA
792,C
1222,G
1121,C
1498,A
471,G
1878,A
681,G
888,G
1547,A
1025,C
239,G
567,C
780,A
1540,G
150,T
1405,T
361,C
1059,C
1671,C
848,A
621,T
1049,A
1735,T
1343,A
411,T
882,A
1821,A
914,C
1786,G
1455,C
1979,T
1856,G
743,C
169,A
1805,T
976,G
753,T
542,C
670,A
428,T
1892,A
375,A
1365,A
1053,G
679,T
1788,A
870,C
1920,A
1122,A
947,C
1586,A
96,C
2109,ACA
986,G
2095,C
1247,T
1787,G
1033,T
1855,GGA
2096,G
1087,T
1882,A
657,C
348,G
417,A
1619,T
1359,T
1742,A
506,T
603,T
1609,A
376,G
1569,TTT
1501,A
1772,C
1874,C
845,A
1223,C
935,T
71,A
1150,T
521,C
1632,A
1884,A
1712,T
127,C
1575,G
1202,AC
1481,T
1938,CG
767,A
1213,C
1641,A
1557,G
1158,T
389,C
2026,C
972,C
1320,A
57,G
619,T
956,A
1688,A
1803,A
994,G
957,C
1154,G
764,G
258,T
579,T
313,C
1992,C
354,T
299,T
1800,T
1308,C
231,C
432,C
1940,A
1691,G
1518,T
114,G
624,T
1071,T
2035,C
827,T
337,C
804,T
363,T
378,T
1317,T
176,ACAAGCCTCACTCCCTTTCGGATGGCTT
1974,G
901,C
553,A
2071,C
1443,T
1915,T
796,T
1329,A
2107,G
392,G
370,T
622,A
489,G
74,C
793,G
580,A
1868,T
1160,C
1989,A
1556,C
105,G
1605,G
1573,A
1606,T
1709,G
1589,C
1713,A
1339,A
992,T
1239,C
15,G
949,G
538,AT
1968,A
1731,C
875,T
867,A
2028,G
1977,A
2069,A
1100,A
6,C
1106,A
1419,A
1307,T
1820,T
818,G
139,C
405,T
1126,G
104,G
524,C
640,T
1530,A
1500,A
1195,C
1229,A
1522,T
1432,T
302,T
43,A
2018,G
539,A
1453,G
646,T
39,G
849,A
443,T
1655,T
1592,G
837,G
1835,A
1062,C
1069,A
1741,A
161,C
1773,T
1412,A
727,A
209,C
323,TACTCACACCTTTTGCTCGTTGCTGCTGGCCTTGAAGCCCCTTTTCTCTATCTTTATGCTTTAGTCTACTTCTTGCAGAGTATAAACTTTGTAAGAATAATAATGAGGCTTTGGCTTTGCTGGAAATGCCGTTCCAAAAACCCATTACTTTATGATGCCAACTATTTTCTTTGCTGGCATACTAATTGTTACGACTATTGTATACCTTACAATAGTGTAACTTCTTCAATTGTCATTACTTCAGGTGATGGCACAACAAGTCCTATTTCTGAACATGACTACCAGATTGGTGGTTATACTGAAAAATGGGAATCTGGAGTAAAAGACTGTGTTGTATTACACAGTTACTTCACTTCAGACTATTACCAGCTGTACTCAACTCAATTGAGTACAGACACTGGTGTTGAACATGTTACCTTCTTCATCTACAATA
545,C
1098,TCTTGGCACTGATAACACTCGCTACTTGTGAGCTTTATCA
1096,T
201,T
593,A
1949,C
554,A
1708,T
1491,G
602,G
968,A
2034,T
869,T
1858,CA
461,C
1456,G
1030,CT
1346,A
1817,C
683,G
586,C
695,G
423,T
1801,T
1964,T
817,G
865,T
210,TT
1826,T
91,A
1955,C
1410,G
866,C
1439,A
173,C
989,C
355,G
1200,T
204,G
568,A
1181,T
907,CTG
880,C
384,T
1778,A
42,C
605,C
696,C
1174,C
255,A
2006,G
1718,C
291,G
1487,C
1261,A
1399,A
2036,T
94,C
814,G
1032,A
128,A
1579,A
835,A
38,A
2016,C
1143,T
939,A
951,C
944,C
1065,A
1451,A
175,T
1549,C
1561,T
2037,T
613,T
1480,C
1687,C
713,T
1608,G
149,T
701,C
641,C
979,T
65,C
1115,G
1953,G
719,C
831,T
1299,G
1074,G
319,T
1812,T
1199,T
823,G
1437,A
420,AA
1991,A
1663,G
1957,A
242,C
1015,C
224,A
692,T
177,AT
676,G
1168,A
1039,G
1085,C
523,T
1285,A
77,G
1466,T
172,C
685,C
1036,C
773,G
1739,T
358,G
414,T
1814,A
1625,C
116,T
1669,G
279,C
962,G
1905,T
2074,C
1745,A
860,C
1117,G
1859,G
1338,G
502,A
528,G
1861,A
46,T
152,T
839,A
250,G
1342,T
2063,T
610,T
1185,T
1922,C
707,A
1939,G
1504,A
1807,T
686,T
1724,C
1245,C
40,C
245,G
1095,A
1848,C
1155,A
1111,G
1916,T
1251,G
1341,C
660,C
1753,C
1278,T
1621,G
672,T
444,T
342,C
1819,C
762,C
1521,T
460,G
2044,G
1672,G
1808,A
1610,C
1236,T
1994,C
786,T
1548,C
1357,G
1903,A
1580,T
162,T
494,T
93,T
1972,G
2065,A
1157,C
514,C
1073,TC
1612,T
885,TA
2110,A
807,T
987,C
899,G
368,G
1578,C
1304,C
993,T
2000,T
726,A
61,AAT
841,G
1849,AG
212,C
1585,T
474,C
1378,A
1259,T
540,A
1287,ATGATTGAACTTTCATTAATTGACTTCTATTTGTGCTTTTTAGCCTT
1019,G
223,A
1354,T
1249,C
1818,A
1021,T
1519,A
678,G
198,T
1201,GC
331,G
1313,C
51,A
2058,G
1326,T
508,C
667,A
2029,C
1054,T
330,G
1449,C
832,T
284,T
1120,A
1923,T
929,G
1698,T
547,T
1208,T
90,G
717,T
1333,A
925,A
658,C
456,T
52,G
179,G
515,T
369,A
874,C
1268,C
2017,G
1494,A
85,T
1846,CAC
406,C
643,C
836,T
10,A
533,AGAGATATTACT
261,C
760,G
2043,A
1506,T
2024,G
1582,A
1535,C
466,G
1319,T
1246,G
1152,T
2087,A
1409,C
1996,C
645,T
1145,G
1767,A
1680,C
1141,C
1009,C
1566,T
190,C
601,C
14,G
1360,C
1565,C
1854,T
1588,A
1538,G
548,AA
543,C
1681,A
1723,A
592,C
123,G
574,T
879,C
720,T
1825,G
926,G
1063,C
1235,C
705,A
877,G
1166,C
505,C
965,A
1355,T
54,T
606,AG
2008,A
62,G
682,T
483,C
1576,C
58,G
615,G
1183,C
385,G
1046,T
1564,T
1180,A
318,G
1007,A
1256,G
1993,C
87,A
317,T
202,A
1998,A
924,AT
1909,ACC
1040,A
591,C
2046,G
289,G
1937,C
1728,G
847,T
693,G
1384,A
503,G
1562,G
632,T
1675,G
581,A
1600,T
1543,A
1172,A
1135,A
53,T
492,G
1966,C
2062,T
1471,T
1618,C
617,A
2084,G
2111,TG
1529,G
1797,T
1476,A
725,T
1403,A
919,T
642,C
771,C
1839,G
2093,T
797,C
425,C
826,G
60,G
220,A
308,A
1595,C
1900,G
1296,TGTAGTTGATGA
1123,A
905,T
612,G
1228,A
1381,A
544,T
168,G
364,G
431,A
940,C
1177,T
2076,A
75,T
111,A
718,C
1886,T
607,A
1469,T
1591,A
2011,GAGGGAGA
857,C
801,C
517,G
1027,C
873,A
1002,G
598,C
280,A
1260,C
1383,G
1634,G
729,A
1676,CAAAG
656,A
920,G
1012,A
1987,T
742,A
374,C
1730,C
278,G
1425,T
138,C
555,A
655,A
1140,A
107,T
541,A
1720,T
238,C
990,T
564,A
1394,G
609,TTC
22,TG
288,A
1523,T
1067,G
1044,C
400,T
113,C
978,C
709,C
1016,T
309,C
1617,T
1706,G
1159,A
55,T
519,C
703,GT
1771,G
2002,A
1781,C
1766,G
1912,GTTGTTGGA
2115,GA
1294,TA
1192,T
704,A
1352,TAAATTGGGTAGTCTTGTAGTGCGTT
996,G
1944,TA
557,T
218,G
770,T
2038,T
1156,A
1895,G
1921,T
1917,A
1170,T
1631,A
1542,A
890,A
1321,A
84,G
203,C
292,T
232,T
1744,A
1834,T
1047,T
240,G
1218,TTTTGC
906,A
415,C
1639,T
1132,T
1816,G
1887,T
1051,C
1729,T
1507,A
1871,C
708,G
1650,G
1862,T
1656,A
690,A
513,G
1777,A
424,G
1918,C
1240,A
893,C
226,A
928,G
1416,C
1482,C
488,G
1624,T
1413,C
2010,A
17,T
1933,TCACC
1665,A
426,A
1555,C
1243,T
960,T
894,C
1866,A
48,T
1525,T
1204,T
1380,C
1225,T
1919,T
1649,T
2102,T
689,A
1693,A
941,C
1963,A
1660,C
253,C
1545,G
834,G
64,C
1125,A
886,G
2061,C
763,A
1584,C
856,A
1700,A
1332,A
575,G
942,T
1220,AC
1415,T
1734,T
1615,G
1951,A
1776,G
1267,A
2072,C
486,A
300,T
478,G
1323,T
216,A
852,G
1485,T
382,T
1645,G
27,T
1134,A
1322,A
273,A
290,G
20,A
721,T
2027,G
398,A
1764,C
1110,T
915,A
189,T
1197,A
891,C
1298,C
249,A
395,A
2116,GAGCTGCCTATATGGAAGAGCCCTAATGTGTAAAATTAATTTTAGTAGTGCTATCCCCATGTGATTTTAATAGCTTCTTAGGAGAATGACAAAAAAAAAAAAAAAAAAAAAAAAAAAAAAAAA
372,A
1242,T
2040,A
1696,G
260,C
971,T
984,CT
1568,G
37,C
934,A
121,A
1153,G
777,T
620,G
1626,A
1737,G
1486,C
1423,A
1353,G
269,T
1014,C
1860,A
1952,A
1387,T
1124,C
1695,T
1461,A
635,G
1389,C
980,G
1426,C
1445,T
1306,T
1782,G
1084,A
1467,C
1133,T
434,T
2106,AGT
1340,G
1794,T
697,T
1596,T
377,A
1962,TT
750,G
1316,T
788,A
301,G
458,A
1613,C
1740,G
1799,G
953,T
1258,T
600,T
102,T
259,C
379,C
21,C
1358,T
192,T
1686,T
1108,T
1644,C
1750,T
1973,A
1751,A
178,TGTT
387,T
306,C
1396,T
1008,T
472,A
1983,C
155,G
825,A
1583,A
982,T
293,G
2059,G
499,G
2050,A
2004,T
1843,G
1422,G
73,C
115,A
1722,G
1965,C
1351,ACAATTAATTGCCAGGAACC
584,T
1515,T
733,C
1844,T
1932,T
465,T
2057,A
669,G
715,A
790,C
41,A
1702,G
125,A
671,T
666,T
1473,G
339,A
833,C
755,T
343,A
752,A
100,T
230,A
1510,C
659,C
1301,G
1142,C
388,T
1265,A
1975,G
578,A
1022,C
1224,G
1139,A
1752,A
997,T
1237,A
1465,A
381,A
247,T
1652,A
1367,G
772,G
805,A
1690,A
663,G
1431,G
1130,T
184,A
1000,T
1,ATTAAAGGTTTATACCTTCCCAGGTAACAAACCAACCAACTTTCGATCTCTTGTAGATCTGTTCTCTAAACGAACTTTAAAATCTGTGTGGCTGTCACTCGGCTGCATGCTTAGTGCACTCACGCAGTATAATTAATAACTAATTACTGTCGTTGACAGGACACGAGTAACTCGTCTATCTTCTGCAGGCTGCTTACGGTTTCGTCCGTGTTGCAGCCGATCATCAGCACATCTAGGTTTCGTCCGGGTGTGACCGAAAGGTAAGATGGAGAGCCTTGTCCCTGGTTTCAACGAGAAAACACACGTCCAACTCAGTTTGCCTGTTTTACAGGTTCGCGACGTGCTCGTACGTGGCTTTGGAGACTCCGTGGAGGAGGTCTTATCAGAGGCACGTCAACATCTTAAAGATGGCACTTGTGGCTTAGTAGAAGTTGAAAAAGGCGTTTTGCCTCAACTTGAACAGCCCTATGTGTTCATCAAACGTTCGGATGCTCGAACTGCACCTCATGGTCATGTTATGGTTGAGCTGGTAGCAGAACTCGAAGGCATTCAGTACGGTCGTAGTGGTGAGACACTTGGTGTCCTTGTCCCTCATGTGGGCGAAATACCAGTGGCTTACCGCAAGGTTCTTCTTCGTAAGAACGGTAATAAAGGAGCTGGTGGCCATAGTTACGGCGCCGATCTAAAGTCATTTGACTTAGGCGACGAGCTTGGCACTGATCCTTATGAAGATTTTCAAGAAAACTGGAACACTAAACATAGCAGTGGTGTTACCCGTGAACTCATGCGTGAGCTTAACGGAGGGGCATACACTCGCTATGTCGATAACAACTTCTGTGGCCCTGATGGCTACCCTCTTGAGTGCATTAAAGACCTTCTAGCACGTGCTGGTAAAGCTTCATGCACTTTGTCCGAACAACTGGACTTTATTGACACTAAGAGGGGTGTATACTGCTGCCGTGAACATGAGCATGAAATTGCTTGGTACACGGAACGTTCTGAAAAGAGCTATGAATTGCAGACACCTTTTGAAATTAAATTGGCAAAGAAATTTGACACCTTCAATGGGGAATGTCCAAATTTTGTATTTCCCTTAAATTCCATAATCAAGACTATTCAACCAAGGGTTGAAAAGAAAAAGCTTGATGGCTTTATGGGTAGAATTCGATCTGTCTATCCAGTTGCGTCACCAAATGAATGCAACCAAATGTGCCTTTCAACTCTCATGAAGTGTGATCATTGTGGTGAAACTTCATGGCAGACGGGCGATTTTGTTAAAGCCACTTGCGAATTTTGTGGCACTGAGAATTTGACTAAAGAAGGTGCCACTACTTGTGGTTACTTACCCCAAAATGCTGTTGTTAAAATTTATTGTCCAGCATGTCACAATTCAGAAGTAGGACCTGAGCATAGTCTTGCCGAATACCATAATGAATCTGGCTTGAAAACCATTCTTCGTAAGGGTGGTCGCACTATTGCCTTTGGAGGCTGTGTGTTCTCTTATGTTGGTTGCCATAACAAGTGTGCCTATTGGGTTCCACGTGCTAGCGCTAACATAGGTTGTAACCATACAGGTGTTGTTGGAGAAGGTTCCGAAGGTCTTAATGACAACCTTCTTGAAATACTCCAAAAAGAGAAAGTCAACATCAATATTGTTGGTGACTTTAAACTTAATGAAGAGATCGCCATTATTTTGGCATCTTTTTCTGCTTCCACAAGTGCTTTTGTGGAAACTGTGAAAGGTTTGGATTATAAAGCATTCAAACAAATTGTTGAATCCTGTGGTAATTTTAAAGTTACAAAAGGAAAAGCTAAAAAAGGTGCCTGGAATATTGGTGAACAGAAATCAATACTGAGTCCTCTTTATGCATTTGCATCAGAGGCTGCTCGTGTTGTACGATCAATTTTCTCCCGCACTCTTGAAACTGCTCAAAATTCTGTGCGTGTTTTACAGAAGGCCGCTATAACAATACTAGATGGAATTTCACAGTATTCACTGAGACTCATTGATGCTATGATGTTCACATCTGATTTGGCTACTAACAATCTAGTTGTAATGGCCTACATTACAGGTGGTGTTGTTCAGTTGACTTCGCAGTGGCTAACTAACATCTTTGGCACTGTTTATGAAAAACTCAAACCCGTCCTTGATTGGCTTGAAGAGAAGTTTAAGGAAGGTGTAGAGTTTCTTAGAGACGGTTGGGAAATTGTTAAATTTATCTCAACCTGTGCTTGTGAAATTGTCGGTGGACAAATTGTCACCTGTGCAAAGGAAATTAAGGAGAGTGTTCAGACATTCTTTAAGCTTGTAAATAAATTTTTGGCTTTGTGTGCTGACTCTATCATTATTGGTGGAGCTAAACTTAAAGCCTTGAATTTAGGTGAAACATTTGTCACGCACTCAAAGGGATTGTACAGAAAGTGTGTTAAATCCAGAGAAGAAACTGGCCTACTCATGCCTCTAAAAGCCCCAAAAGAAATTATCTTCTTAGAGGGAGAAACACTTCCCACAGAAGTGTTAACAGAGGAAGTTGTCTTGAAAACTGGTGATTTACAACCATTAGAACAACCTACTAGTGAAGCTGTTGAAGCTCCATTGGTTGGTACACCAGTTTGTATTAACGGGCTTATGTTGCTCGAAATCAAAGACACAGAAAAGTACTGTGCCCTTGCACCTAATATGATGGTAACAAACAATACCTTCACACTCAAAGGCGGTGCACCAACAAAGGTTACTTTTGGTGATGACACTGTGATAGAAGTGCAAGGTTACAAGAGTGTGAATATCACTTTTGAACTTGATGAAAGGATTGATAAAGTACTTAATGAGAAGTGCTCTGCCTATACAGTTGAACTCGGTACAGAAGTAAATGAGTTCGCCTGTGTTGTGGCAGATGCTGTCATAAAAACTTTGCAACCAGTATCTGAATTACTTACACCACTGGGCATTGATTTAGATGAGTGGAGTATGGCTACATACTACTTATTTGATGAGTCTGGTGAGTTTAAATTGGCTTCACATATGTATTGTTCTTTCTACCCTCCAGATGAGGATGAAGAAGAAGGTGATTGTGAAGAAGAAGAGTTTGAGCCATCAACTCAATATGAGTATGGTACTGAAGATGATTACCAAGGTAAACCTTTGGAATTTGGTGCCACTTCTGCTGCTCTTCAACCTGAAGAAGAGCAAGAAGAAGATTGGTTAGATGATGATAGTCAACAAACTGTTGGTCAACAAGACGGCAGTGAGGACAATCAGACAACTACTATTCAAACAATTGTTGAGGTTCAACCTCAATTAGAGATGGAACTTACACCAGTTGTTCAGACTATTGAAGTGAATAGTTTTAGTGGTTATTTAAAACTTACTGACAATGTATACATTAAAAATGCAGACATTGTGGAAGAAGCTAAAAAGGTAAAACCAACAGTGGTTGTTAATGCAGCCAATGTTTACCTTAAACATGGAGGAGGTGTTGCAGGAGCCTTAAATAAGGCTACTAACAATGCCATGCAAGTTGAATCTGATGATTACATAGCTACTAATGGACCACTTAAAGTGGGTGGTAGTTGTGTTTTAAGCGGACACAATCTTGCTAAACACTGTCTTCATGTTGTCGGCCCAAATGTTAACAAAGGTGAAGACATTCAACTTCTTAAGAGTGCTTATGAAAATTTTAATCAGCACGAAGTTCTACTTGCACCATTATTATCAGCTGGTATTTTTGGTGCTGACCCTATACATTCTTTAAGAGTTTGTGTAGATACTGTTCGCACAAATGTCTACTTAGCTGTCTTTGATAAAAATCTCTATGACAAACTTGTTTCAAGCTTTTTGGAAATGAAGAGTGAAAAGCAAGTTGAACAAAAGATCGCTGAGATTCCTAAAGAGGAAGTTAAGCCATTTATAACTGAAAGTAAACCTTCAGTTGAACAGAGAAAACAAGATGATAAGAAAATCAAAGCTTGTGTTGAAGAAGTTACAACAACTCTGGAAGAAACTAAGTTCCTCACAGAAAACTTGTTACTTTATATTGACATTAATGGCAATCTTCATCCAGATTCTGCCACTCTTGTTAGTGACATTGACATCACTTTCTTAAAGAAAGATGCTCCATATATAGTGGGTGATGTTGTTCAAGAGGGTGTTTTAACTGCTGTGGTTATACCTACTAAAAAGGCTGGTGGCACTACTGAAATGCTAGCGAAAGCTTTGAGAAAAGTGCCAACAGACAATTATATAACCACTTACCCGGGTCAGGGTTTAAATGGTTACACTGTAGAGGAGGCAAAGACAGTGCTTAAAAAGTGTAAAAGTGCCTTTTACATTCTACCATCTATTATCTCTAATGAGAAGCAAGAAATTCTTGGAACTGTTTCTTGGAATTTGCGAGAAATGCTTGCACATGCAGAAGAAACACGCAAATTAATGCCTGTCTGTGTGGAAACTAAAGCCATAGTTTCAACTATACAGCGTAAATATAAGGGTATTAAAATACAAGAGGGTGTGGTTGATTATGGTGCTAGATTTTACTTTTACACCAGTAAAACAACTGTAGCGTCACTTATCAACACACTTAACGATCTAAATGAAACTCTTGTTACAATGCCACTTGGCTATGTAACACATGGCTTAAATTTGGAAGAAGCTGCTCGGTATATGAGATCTCTCAAAGTGCCAGCTACAGTTTCTGTTTCTTCACCTGATGCTGTTACAGCGTATAATGGTTATCTTACTTCTTCTTCTAAAACACCTGAAGAACATTTTATTGAAACCATCTCACTTGCTGGTTCCTATAAAGATTGGTCCTATTCTGGACAATCTACACAACTAGGTATAGAATTTCTTAAGAGAGGTGATAAAAGTGTATATTACACTAGTAATCCTACCACATTCCACCTAGATGGTGAAGTTATCACCTTTGACAATCTTAAGACACTTCTTTCTTTGAGAGAAGTGAGGACTATTAAGGTGTTTACAACAGTAGACAACATTAACCTCCACACGCAAGTTGTGGACATGTCAATGACATATGGACAACAGTTTGGTCCAACTTATTTGGATGGAGCTGATGTTACTAAAATAAAACCTCATAATTCACATGAAGGTAAAACATTTTATGTTTTACCTAATGATGACACTCTACGTGTTGAGGCTTTTGAGTACTACCACACAACTGATCCTAGTTTTCTGGGTAGGTACATGTCAGCATTAAATCACACTAAAAAGTGGAAATACCCACAAGTTAATGGTTTAACTTCTATTAAATGGGCAGATAACAACTGTTATCTTGCCACTGCATTGTTAACACTCCAACAAATAGAGTTGAAGTTTAATCCACCTGCTCTACAAGATGCTTATTACAGAGCAAGGGCTGGTGAAGCTGCTAACTTTTGTGCACTTATCTTAGCCTACTGTAATAAGACAGTAGGTGAGTTAGGTGATGTTAGAGAAACAATGAGTTACTTGTTTCAACATGCCAATTTAGATTCTTGCAAAAGAGTCTTGAACGTGGTGTGTAAAACTTGTGGACAACAGCAGACAACCCTTAAGGGTGTAGAAGCTGTTATGTACATGGGCACACTTTCTTATGAACAATTTAAGAAAGGTGTTCAGATACCTTGTACGTGTGGTAAACAAGCTACAAAATATCTAGTACAACAGGAGTCACCTTTTGTTATGATGTCAGCACCACCTGCTCAGTATGAACTTAAGCATGGTACATTTACTTGTGCTAGTGAGTACACTGGTAATTACCAGTGTGGTCACTATAAACATATAACTTCTAAAGAAACTTTGTATTGCATAGACGGTGCTTTACTTACAAAGTCCTCAGAATACAAAGGTCCTATTACGGATGTTTTCTACAAAGAAAACAGTTACACAACAACCATAAAACCAGTTACTTATAAATTGGATGGTGTTGTTTGTACAGAAATTGACCCTAAGTTGGACAATTATTATAAGAAAGACAATTCTTATTTCACAGAGCAACCAATTGATCTTGTACCAAACCAACCATATCCAAACGCAAGCTTCGATAATTTTAAGTTTGTATGTGATAATATCAAATTTGCTGATGATTTAAACCAGTTAACTGGTTATAAGAAACCTGCTTCAAGAGAGCTTAAAGTTACATTTTTCCCTGACTTAAATGGTGATGTGGTGGCTATTGATTATAAACACTACACACCCTCTTTTAAGAAAGGAGCTAAATTGTTACATAAACCTATTGTTTGGCATGTTAACAATGCAACTAATAAAGCCACGTATAAACCAAATACCTGGTGTATACGTTGTCTTTGGAGCACAAAACCAGTTGAAACATCAAATTCGTTTGATGTACTGAAGTCAGAGGACGCGCAGGGAATGGATAATCTTGCCTGCGAAGATCTAAAACCAGTCTCTGAAGAAGTAGTGGAAAATCCTACCATACAGAAAGACGTTCTTGAGTGTAATGTGAAAACTACCGAAGTTGTAGGAGACATTATACTTAAACCAGCAAATAATAGTTTAAAAATTACAGAAGAGGTTGGCCACACAGATCTAATGGCTGCTTATGTAGACAATTCTAGTCTTACTATTAAGAAACCTAATGAATTATCTAGAGTATTAGGTTTGAAAACCCTTGCTACTCATGGTTTAGCTGCTGTTAATAGTGTCCCTTGGGATACTATAGCTAATTATGCTAAGCCTTTTCTTAACAAAGTTGTTAGTACAACTACTAACATAGTTACACGGTGTTTAAACCGTGTTTGTACTAATTATATGCCTTATTTCTTTACTTTATTGCTACAATTGTGTACTTTTACTAGAAGTACAAATTCTAGAATTAAAGCATCTATGCCGACTACTATAGCAAAGAATACTGTTAAGAGTGTCGGTAAATTTTGTCTAGAGGCTTCATTTAATTATTTGAAGTCACCTAATTTTTCTAAACTGATAAATATTATAATTTGGTTTTTACTATTAAGTGTTTGCCTAGGTTCTTTAATCTACTCAACCGCTGCTTTAGGTGTTTTAATGTCTAATTTAGGCATGCCTTCTTACTGTACTGGTTACAGAGAAGGCTATTTGAACTCTACTAATGTCACTATTGCAACCTACTGTACTGGTTCTATACCTTGTAGTGTTTGTCTTAGTGGTTTAGATTCTTTAGACACCTATCCTTCTTTAGAAACTATACAAATTACCATTTCATCTTTTAAATGGGATTTAACTGCTTTTGGCTTAGTTGCAGAGTGGTTTTTGGCATATATTCTTTTCACTAGGTTTTTCTATGTACTTGGATTGGCTGCAATCATGCAATTGTTTTTCAGCTATTTTGCAGTACATTTTATTAGTAATTCTTGGCTTATGTGGTTAATAATTAATCTTGTACAAATGGCCCCGATTTCAGCTATGGTTAGAATGTACATCTTCTTTGCATCATTTTATTATGTATGGAAAAGTTATGTGCATGTTGTAGACGGTTGTAATTCATCAACTTGTATGATGTGTTACAAACGTAATAGAGCAACAAGAGTCGAATGTACAACTATTGTTAATGGTGTTAGAAGGTCCTTTTATGTCTATGCTAATGGAGGTAAAGGCTTTTGCAAACTACACAATTGGAATTGTGTTAATTGTGATACATTCTGTGCTGGTAGTACATTTATTAGTGATGAAGTTGCGAGAGACTTGTCACTACAGTTTAAAAGACCAATAAATCCTACTGACCAGTCTTCTTACATCGTTGATAGTGTTACAGTGAAGAATGGTTCCATCCATCTTTACTTTGATAAAGCTGGTCAAAAGACTTATGAAAGACATTCTCTCTCTCATTTTGTTAACTTAGACAACCTGAGAGCTAATAACACTAAAGGTTCATTGCCTATTAATGTTATAGTTTTTGATGGTAAATCAAAATGTGAAGAATCATCTGCAAAATCAGCGTCTGTTTACTACAGTCAGCTTATGTGTCAACCTATACTGTTACTAGATCAGGCATTAGTGTCTGATGTTGGTGATAGTGCGGAAGTTGCAGTTAAAATGTTTGATGCTTACGTTAATACGTTTTCATCAACTTTTAACGTACCAATGGAAAAACTCAAAACACTAGTTGCAACTGCAGAAGCTGAACTTGCAAAGAATGTGTCCTTAGACAATGTCTTATCTACTTTTATTTCAGCAGCTCGGCAAGGGTTTGTTGATTCAGATGTAGAAACTAAAGATGTTGTTGAATGTCTTAAATTGTCACATCAATCTGACATAGAAGTTACTGGCGATAGTTGTAATAACTATATGCTCACCTATAACAAAGTTGAAAACATGACACCCCGTGACCTTGGTGCTTGTATTGACTGTAGTGCGCGTCATATTAATGCGCAGGTAGCAAAAAGTCACAACATTGCTTTGATATGGAACGTTAAAGATTTCATGTCATTGTCTGAACAACTACGAAAACAAATACGTAGTGCTGCTAAAAAGAATAACTTACCTTTTAAGTTGACATGTGCAACTACTAGACAAGTTGTTAATGTTGTAACAACAAAGATAGCACTTAAGGGTGGTAAAATTGTTAATAATTGGTTGAAGCAGTTAATTAAAGTTACACTTGTGTTCCTTTTTGTTGCTGCTATTTTCTATTTAATAACACCTGTTCATGTCATGTCTAAACATACTGACTTTTCAAGTGAAATCATAGGATACAAGGCTATTGATGGTGGTGTCACTCGTGACATAGCATCTACAGATACTTGTTTTGCTAACAAACATGCTGATTTTGACACATGGTTTAGCCAGCGTGGTGGTAGTTATACTAATGACAAAGCTTGCCCATTGATTGCTGCAGTCATAACAAGAGAAGTGGGTTTTGTCGTGCCTGGTTTGCCTGGCACGATATTACGCACAACTAATGGTGACTTTTTGCATTTCTTACCTAGAGTTTTTAGTGCAGTTGGTAACATCTGTTACACACCATCAAAACTTATAGAGTACACTGACTTTGCAACATCAGCTTGTGTTTTGGCTGCTGAATGTACAATTTTTAAAGATGCTTCTGGTAAGCCAGTACCATATTGTTATGATACCAATGTACTAGAAGGTTCTGTTGCTTATGAAAGTTTACGCCCTGACACACGTTATGTGCTCATGGATGGCTCTATTATTCAATTTCCTAACACCTACCTTGAAGGTTCTGTTAGAGTGGTAACAACTTTTGATTCTGAGTACTGTAGGCACGGCACTTGTGAAAGATCAGAAGCTGGTGTTTGTGTATCTACTAGTGGTAGATGGGTACTTAACAATGATTATTACAGATCTTTACCAGGAGTTTTCTGTGGTGTAGATGCTGTAAATTTACTTACTAATATGTTTACACCACTAATTCAACCTATTGGTGCTTTGGACATATCAGCATCTATAGTAGCTGGTGGTATTGTAGCTATCGTAGTAACATGCCTTGCCTACTATTTTATGAGGTTTAGAAGAGCTTTTGGTGAATACAGTCATGTAGTTGCCTTTAATACTTTACTATTCCTTATGTCATTCACTGTACTCTGTTTAACACCAGTTTACTCATTCTTACCTGGTGTTTATTCTGTTATTTACTTGTACTTGACATTTTATCTTACTAATGATGTTTCTTTTTTAGCACATATTCAGTGGATGGTTATGTTCACACCTTTAGTACCTTTCTGGATAACAATTGCTTATATCATTTGTATTTCCACAAAGCATTTCTATTGGTTCTTTAGTAATTACCTAAAGAGACGTGTAGTCTTTAATGGTGTTTCCTTTAGTACTTTTGAAGAAGCTGCGCTGTGCACCTTTTTGTTAAATAAAGAAATGTATCTAAAGTTGCGTAGTGATGTGCTATTACCTCTTACGCAATATAATAGATACTTAGCTCTTTATAATAAGTACAAGTATTTTAGTGGAGCAATGGATACAACTAGCTACAGAGAAGCTGCTTGTTGTCATCTCGCAAAGGCTCTCAATGACTTCAGTAACTCAGGTTCTGATGTTCTTTACCAACCACCACAAACCTCTATCACCTCAGCTGTTTTGCAGAGTGGTTTTAGAAAAATGGCATTCCCATCTGGTAAAGTTGAGGGTTGTATGGTACAAGTAACTTGTGGTACAACTACACTTAACGGTCTTTGGCTTGATGACGTAGTTTACTGTCCAAGACATGTGATCTGCACCTCTGAAGACATGCTTAACCCTAATTATGAAGATTTACTCATTCGTAAGTCTAATCATAATTTCTTGGTACAGGCTGGTAATGTTCAACTCAGGGTTATTGGACATTCTATGCAAAATTGTGTACTTAAGCTTAAGGTTGATACAGCCAATCCTAAGACACCTAAGTATAAGTTTGTTCGCATTCAACCAGGACAGACTTTTTCAGTGTTAGCTTGTTACAATGGTTCACCATCTGGTGTTTACCAATGTGCTATGAGGCCCAATTTCACTATTAAGGGTTCATTCCTTAATGGTTCATGTGGTAGTGTTGGTTTTAACATAGATTATGACTGTGTCTCTTTTTGTTACATGCACCATATGGAATTACCAACTGGAGTTCATGCTGGCACAGACTTAGAAGGTAACTTTTATGGACCTTTTGTTGACAGGCAAACAGCACAAGCAGCTGGTACGGACACAACTATTACAGTTAATGTTTTAGCTTGGTTGTACGCTGCTGTTATAAATGGAGACAGGTGGTTTCTCAATCGATTTACCACAACTCTTAATGACTTTAACCTTGTGGCTATGAAGTACAATTATGAACCTCTAACACAAGACCATGTTGACATACTAGGACCTCTTTCTGCTCAAACTGGAATTGCCGTTTTAGATATGTGTGCTTCATTAAAAGAATTACTGCAAAATGGTATGAATGGACGTACCATATTGGGTAGTGCTTTATTAGAAGATGAATTTACACCTTTTGATGTTGTTAGACAATGCTCAGGTGTTACTTTCCAAAGTGCAGTGAAAAGAACAATCAAGGGTACACACCACTGGTTGTTACTCACAATTTTGACTTCACTTTTAGTTTTAGTCCAGAGTACTCAATGGTCTTTGTTCTTTTTTTTGTATGAAAATGCCTTTTTACCTTTTGCTATGGGTATTATTGCTATGTCTGCTTTTGCAATGATGTTTGTCAAACATAAGCATGCATTTCTCTGTTTGTTTTTGTTACCTTCTCTTGCCACTGTAGCTTATTTTAATATGGTCTATATGCCTGCTAGTTGGGTGATGCGTATTATGACATGGTTGGATATGGTTGATACTAGTTTGTCTGGTTTTAAGCTAAAAGACTGTGTTATGTATGCATCAGCTGTAGTGTTACTAATCCTTATGACAGCAAGAACTGTGTATGATGATGGTGCTAGGAGAGTGTGGACACTTATGAATGTCTTGACACTCGTTTATAAAGTTTATTATGGTAATGCTTTAGATCAAGCCATTTCCATGTGGGCTCTTATAATCTCTGTTACTTCTAACTACTCAGGTGTAGTTACAACTGTCATGTTTTTGGCCAGAGGTATTGTTTTTATGTGTGTTGAGTATTGCCCTATTTTCTTCATAACTGGTAATACACTTCAGTGTATAATGCTAGTTTATTGTTTCTTAGGCTATTTTTGTACTTGTTACTTTGGCCTCTTTTGTTTACTCAACCGCTACTTTAGACTGACTCTTGGTGTTTATGATTACTTAGTTTCTACACAGGAGTTTAGATATATGAATTCACAGGGACTACTCCCACCCAAGAATAGCATAGATGCCTTCAAACTCAACATTAAATTGTTGGGTGTTGGTGGCAAACCTTGTATCAAAGTAGCCACTGTACAGTCTAAAATGTCAGATGTAAAGTGCACATCAGTAGTCTTACTCTCAGTTTTGCAACAACTCAGAGTAGAATCATCATCTAAATTGTGGGCTCAATGTGTCCAGTTACACAATGACATTCTCTTAGCTAAAGATACTACTGAAGCCTTTGAAAAAATGGTTTCACTACTTTCTGTTTTGCTTTCCATGCAGGGTGCTGTAGACATAAACAAGCTTTGTGAAGAAATGCTGGACAACAGGGCAACCTTACAAGCTATAGCCTCAGAGTTTAGTTCCCTTCCATCATATGCAGCTTTTGCTACTGCTCAAGAAGCTTATGAGCAGGCTGTTGCTAATGGTGATTCTGAAGTTGTTCTTAAAAAGTTGAAGAAGTCTTTGAATGTGGCTAAATCTGAATTTGACCGTGATGCAGCCATGCAACGTAAGTTGGAAAAGATGGCTGATCAAGCTATGACCCAAATGTATAAACAGGCTAGATCTGAGGACAAGAGGGCAAAAGTTACTAGTGCTATGCAGACAATGCTTTTCACTATGCTTAGAAAGTTGGATAATGATGCACTCAACAACATTATCAACAATGCAAGAGATGGTTGTGTTCCCTTGAACATAATACCTCTTACAACAGCAGCCAAACTAATGGTTGTCATACCAGACTATAACACATATAAAAATACGTGTGATGGTACAACATTTACTTATGCATCAGCATTGTGGGAAATCCAACAGGTTGTAGATGCAGATAGTAAAATTGTTCAACTTAGTGAAATTAGTATGGACAATTCACCTAATTTAGCATGGCCTCTTATTGTAACAGCTTTAAGGGCCAATTCTGCTGTCAAATTACAGAATAATGAGCTTAGTCCTGTTGCACTACGACAGATGTCTTGTGCTGCCGGTACTACACAAACTGCTTGCACTGATGACAATGCGTTAGCTTACTACAACACAACAAAGGGAGGTAGGTTTGTACTTGCACTGTTATCCGATTTACAGGATTTGAAATGGGCTAGATTCCCTAAGAGTGATGGAACTGGTACTATCTATACAGAACTGGAACCACCTTGTAGGTTTGTTACAGACACACCTAAAGGTCCTAAAGTGAAGTATTTATACTTTATTAAAGGATTAAACAACCTAAATAGAGGTATGGTACTTGGTAGTTTAGCTGCCACAGTACGTCTACAAGCTGGTAATGCAACAGAAGTGCCTGCCAATTCAACTGTATTATCTTTCTGTGCTTTTGCTGTAGATGCTGCTAAAGCTTACAAAGATTATCTAGCTAGTGGGGGACAACCAATCACTAATTGTGTTAAGATGTTGTGTACACACACTGGTACTGGTCAGGCAATAACAGTTACACCGGAAGCCAATATGGATCAAGAATCCTTTGGTGGTGCATCGTGTTGTCTGTACTGCCGTTGCCACATAGATCATCCAAATCCTAAAGGATTTTGTGACTTAAAAGGTAAGTATGTACAAATACCTACAACTTGTGCTAATGACCCTGTGGGTTTTACACTTAAAAACACAGTCTGTACCGTCTGCGGTATGTGGAAAGGTTATGGCTGTAGTTGTGATCAACTCCGCGAACCCATGCTTCAGTCAGCTGATGCACAATCGTTTTTAAACGGGTTTGCGGTGTAAGTGCAGCCCGTCTTACACCGTGCGGCACAGGCACTAGTACTGATGTCGTATACAGGGCTTTTGACATCTACAATGATAAAGTAGCTGGTTTTGCTAAATTCCTAAAAACTAATTGTTGTCGCTTCCAAGAAAAGGACGAAGATGACAATTTAATTGATTCTTACTTTGTAGTTAAGAGACACACTTTCTCTAACTACCAACATGAAGAAACAATTTATAATTTACTTAAGGATTGTCCAGCTGTTGCTAAACATGACTTCTTTAAGTTTAGAATAGACGGTGACATGGTACCACATATATCACGTCAACGTCTTACTAAATACACAATGGCAGACCTCGTCTATGCTTTAAGGCATTTTGATGAAGGTAATTGTGACACATTAAAAGAAATACTTGTCACATACAATTGTTGTGATGATGATTATTTCAATAAAAAGGACTGGTATGATTTTGTAGAAAACCCAGATATATTACGCGTATACGCCAACTTAGGTGAACGTGTACGCCAAGCTTTGTTAAAAACAGTACAATTCTGTGATGCCATGCGAAATGCTGGTATTGTTGGTGTACTGACATTAGATAATCAAGATCTCAATGGTAACTGGTATGATTTCGGTGATTTCATACAAACCACGCCAGGTAGTGGAGTTCCTGTTGTAGATTCTTATTATTCATTGTTAATGCCTATATTAACCTTGACCAGGGCTTTAACTGCAGAGTCACATGTTGACACTGACTTAACAAAGCCTTACATTAAGTGGGATTTGTTAAAATATGACTTCACGGAAGAGAGGTTAAAACTCTTTGACCGTTATTTTAAATATTGGGATCAGACATACCACCCAAATTGTGTTAACTGTTTGGATGACAGATGCATTCTGCATTGTGCAAACTTTAATGTTTTATTCTCTACAGTGTTCCCACCTACAAGTTTTGGACCACTAGTGAGAAAAATATTTGTTGATGGTGTTCCATTTGTAGTTTCAACTGGATACCACTTCAGAGAGCTAGGTGTTGTACATAATCAGGATGTAAACTTACATAGCTCTAGACTTAGTTTTAAGGAATTACTTGTGTATGCTGCTGACCCTGCTATGCACGCTGCTTCTGGTAATCTATTACTAGATAAACGCACTACGTGCTTTTCAGTAGCTGCACTTACTAACAATGTTGCTTTTCAAACTGTCAAACCCGGTAATTTTAACAAAGACTTCTATGACTTTGCTGTGTCTAAGGGTTTCTTTAAGGAAGGAAGTTCTGTTGAATTAAAACACTTCTTCTTTGCTCAGGATGGTAATGCTGCTATCAGCGATTATGACTACTATCGTTATAATCTACCAACAATGTGTGATATCAGACAACTACTATTTGTAGTTGAAGTTGTTGATAAGTACTTTGATTGTTACGATGGTGGCTGTATTAATGCTAACCAAGTCATCGTCAACAACCTAGACAAATCAGCTGGTTTTCCATTTAATAAATGGGGTAAGGCTAGACTTTATTATGATTCAATGAGTTATGAGGATCAAGATGCACTTTTCGCATATACAAAACGTAATGTCATCCCTACTATAACTCAAATGAATCTTAAGTATGCCATTAGTGCAAAGAATAGAGCTCGCACCGTAGCTGGTGTCTCTATCTGTAGTACTATGACCAATAGACAGTTTCATCAAAAATTATTGAAATCAATAGCCGCCACTAGAGGAGCTACTGTAGTAATTGGAACAAGCAAATTCTATGGTGGTTGGCACAACATGTTAAAAACTGTTTATAGTGATGTAGAAAACCCTCACCTTATGGGTTGGGATTATCCTAAATGTGATAGAGCCATGCCTAACATGCTTAGAATTATGGCCTCACTTGTTCTTGCTCGCAAACATACAACGTGTTGTAGCTTGTCACACCGTTTCTATAGATTAGCTAATGAGTGTGCTCAAGTATTGAGTGAAATGGTCATGTGTGGCGGTTCACTATATGTTAAACCAGGTGGAACCTCATCAGGAGATGCCACAACTGCTTATGCTAATAGTGTTTTTAACATTTGTCAAGCTGTCACGGCCAATGTTAATGCACTTTTATCTACTGATGGTAACAAAATTGCCGATAAGTATGTCCGCAATTTACAACACAGACTTTATGAGTGTCTCTATAGAAATAGAGATGTTGACACAGACTTTGTGAATGAGTTTTACGCATATTTGCGTAAACATTTCTCAATGATGATACTCTCTGACGATGCTGTTGTGTGTTTCAATAGCACTTATGCATCTCAAGGTCTAGTGGCTAGCATAAAGAACTTTAAGTCAGTTCTTTATTATCAAAACAATGTTTTTATGTCTGAAGCAAAATGTTGGACTGAGACTGACCTTACTAAAGGACCTCATGAATTTTGCTCTCAACATACAATGCTAGTTAAACAGGGTGATGATTATGTGTACCTTCCTTACCCAGATCCATCAAGAATCCTAGGGGCCGGCTGTTTTGTAGATGATATCGTAAAAACAGATGGTACACTTATGATTGAACGGTTCGTGTCTTTAGCTATAGATGCTTACCCACTTACTAAACATCCTAATCAGGAGTATGCTGATGTCTTTCATTTGTACTTACAATACATAAGAAAGCTACATGATGAGTTAACAGGACACATGTTAGACATGTATTCTGTTATGCTTACTAATGATAACACTTCAAGGTATTGGGAACCTGAGTTTTATGAGGCTATGTACACACCGCATACAGTCTTACAGGCTGTTGGGGCTTGTGTTCTTTGCAATTCACAGACTTCATTAAGATGTGGTGCTTGCATACGTAGACCATTCTTATGTTGTAAATGCTGTTACGACCATGTCATATCAACATCACATAAATTAGTCTTGTCTGTTAATCCGTATGTTTGCAATGCTCCAGGTTGTGATGTCACAGATGTGACTCAACTTTACTTAGGAGGTATGAGCTATTATTGTAAATCACATAAACCACCCATTAGTTTTCCATTGTGTGCTAATGGACAAGTTTTTGGTTTATATAAAAATACATGTGTTGGTAGCGATAATGTTACTGACTTTAATGCAATTGCAACATGTGACTGGACAAATGCTGGTGATTACATTTTAGCTAACACCTGTACTGAAAGACTCAAGCTTTTTGCAGCAGAAACGCTCAAAGCTACTGAGGAGACATTTAAACTGTCTTATGGTATTGCTACTGTACGTGAAGTGCTGTCTGACAGAGAATTACATCTTTCATGGGAAGTTGGTAAACCTAGACCACCACTTAACCGAAATTATGTCTTTACTGGTTATCGTGTAACTAAAAACAGTAAAGTACAAATAGGAGAGTACACCTTTGAAAAAGGTGACTATGGTGATGCTGTTGTTTACCGAGGTACAACAACTTACAAATTAAATGTTGGTGATTATTTTGTGCTGACATCACATACAGTAATGCCATTAAGTGCACCTACACTAGTGCCACAAGAGCACTATGTTAGAATTACTGGCTTATACCCAACACTCAATATCTCAGATGAGTTTTCTAGCAATGTTGCAAATTATCAAAAGGTTGGTATGCAAAAGTATTCTACACTCCAGGGACCACCTGGTACTGGTAAGAGTCATTTTGCTATTGGCCTAGCTCTCTACTACCCTTCTGCTCGCATAGTGTATACAGCTTGCTCTCATGCCGCTGTTGATGCACTATGTGAGAAGGCATTAAAATATTTGCCTATAGATAAATGTAGTAGAATTATACCTGCACGTGCTCGTGTAGAGTGTTTTGATAAATTCAAAGTGAATTCAACATTAGAACAGTATGTCTTTTGTACTGTAAATGCATTGCCTGAGACGACAGCAGATATAGTTGTCTTTGATGAAATTTCAATGGCCACAAATTATGATTTGAGTGTTGTCAATGCCAGATTACGTGCTAAGCACTATGTGTACATTGGCGACCCTGCTCAATTACCTGCACCACGCACATTGCTAACTAAGGGCACACTAGAACCAGAATATTTCAATTCAGTGTGTAGACTTATGAAAACTATAGGTCCAGACATGTTCCTCGGAACTTGTCGGCGTTGTCCTGCTGAAATTGTTGACACTGTGAGTGCTTTGGTTTATGATAATAAGCTTAAAGCACATAAAGACAAATCAGCTCAATGCTTTAAAATGTTTTATAAGGGTGTTATCACGCATGATGTTTCATCTGCAATTAACAGGCCACAAATAGGCGTGGTAAGAGAATTCCTTACACGTAACCCTGCTTGGAGAAAAGCTGTCTTTATTTCACCTTATAATTCACAGAATGCTGTAGCCTCAAAGATTTTGGGACTACCAACTCAAACTGTTGATTCATCACAGGGCTCAGAATATGACTATGTCATATTCACTCAAACCACTGAAACAGCTCACTCTTGTAATGTAAACAGATTTAATGTTGCTATTACCAGAGCAAAAGTAGGCATACTTTGCATAATGTCTGATAGAGACCTTTATGACAAGTTGCAATTTACAAGTCTTGAAATTCCACGTAGGAATGTGGCAACTTTACAAGCTGAAAATGTAACAGGACTCTTTAAAGATTGTAGTAAGGTAATCACTGGGTTACATCCTACACAGGCACCTACACACCTCAGTGTTGACACTAAATTCAAAACTGAAGGTTTATGTGTTGACATACCTGGCATACCTAAGGACATGACCTATAGAAGACTCATCTCTATGATGGGTTTTAAAATGAATTATCAAGTTAATGGTTACCCTAACATGTTTATCACCCGCGAAGAAGCTATAAGACATGTACGTGCATGGATTGGCTTCGATGTCGAGGGGTGTCATGCTACTAGAGAAGCTGTTGGTACCAATTTACCTTTACAGCTAGGTTTTTCTACAGGTGTTAACCTAGTTGCTGTACCTACAGGTTATGTTGATACACCTAATAATACAGATTTTTCCAGAGTTAGTGCTAAACCACCGCCTGGAGATCAATTTAAACACCTCATACCACTTATGTACAAAGGACTTCCTTGGAATGTAGTGCGTATAAAGATTGTACAAATGTTAAGTGACACACTTAAAAATCTCTCTGACAGAGTCGTATTTGTCTTATGGGCACATGGCTTTGAGTTGACATCTATGAAGTATTTTGTGAAAATAGGACCTGAGCGCACCTGTTGTCTATGTGATAGACGTGCCACATGCTTTTCCACTGCTTCAGACACTTATGCCTGTTGGCATCATTCTATTGGATTTGATTACGTCTATAATCCGTTTATGATTGATGTTCAACAATGGGGTTTTACAGGTAACCTACAAAGCAACCATGATCTGTATTGTCAAGTCCATGGTAATGCACATGTAGCTAGTTGTGATGCAATCATGACTAGGTGTCTAGCTGTCCACGAGTGCTTTGTTAAGCGTGTTGACTGGACTATTGAATATCCTATAATTGGTGATGAACTGAAGATTAATGCGGCTTGTAGAAAGGTTCAACACATGGTTGTTAAAGCTGCATTATTAGCAGACAAATTCCCAGTTCTTCACGACATTGGTAACCCTAAAGCTATTAAGTGTGTACCTCAAGCTGATGTAGAATGGAAGTTCTATGATGCACAGCCTTGTAGTGACAAAGCTTATAAAATAGAAGAATTATTCTATTCTTATGCCACACATTCTGACAAATTCACAGATGGTGTATGCCTATTTTGGAATTGCAATGTCGATAGATATCCTGCTAATTCCATTGTTTGTAGATTTGACACTAGAGTGCTATCTAACCTTAACTTGCCTGGTTGTGATGGTGGCAGTTTGTATGTAAATAAACATGCATTCCACACACCAGCTTTTGATAAAAGTGCTTTTGTTAATTTAAAACAATTACCATTTTTCTATTACTCTGACAGTCCATGTGAGTCTCATGGAAAACAAGTAGTGTCAGATATAGATTATGTACCACTAAAGTCTGCTACGTGTATAACACGTTGCAATTTAGGTGGTGCTGTCTGTAGACATCATGCTAATGAGTACAGATTGTATCTCGATGCTTATAACATGATGATCTCAGCTGGCTTTAGCTTGTGGGTTTACAAACAATTTGATACTTATAACCTCTGGAACACTTTTACAAGACTTCAGAGTTTAGAAAATGTGGCTTTTAATGTTGTAAATAAGGGACACTTTGATGGACAACAGGGTGAAGTACCAGTTTCTATCATTAATAACACTGTTTACACAAAAGTTGATGGTGTTGATGTAGAATTGTTTGAAAATAAAACAACATTACCTGTTAATGTAGCATTTGAGCTTTGGGCTAAGCGCAACATTAAACCAGTACCAGAGGTGAAAATACTCAATAATTTGGGTGTGGACATTGCTGCTAATACTGTGATCTGGGACTACAAAAGAGATGCTCCAGCACATATATCTACTATTGGTGTTTGTTCTATGACTGACATAGCCAAGAAACCAACTGAAACGATTTGTGCACCACTCACTGTCTTTTTTGATGGTAGAGTTGATGGTCAAGTAGACTTATTTAGAAATGCCCGTAATGGTGTTCTTATTACAGAAGGTAGTGTTAAAGGTTTACAACCATCTGTAGGTCCCAAACAAGCTAGTCTTAATGGAGTCACATTAATTGGAGAAGCCGTAAAAACACAGTTCAATTATTATAAGAAAGTTGATGGTGTTGTCCAACAATTACCTGAAACTTACTTTACTCAGAGTAGAAATTTACAAGAATTTAAACCCAGGAGTCAAATGGAAATTGATTTCTTAGAATTAGCTATGGATGAATTCATTGAACGGTATAAATTAGAAGGCTATGCCTTCGAACATATCGTTTATGGAGATTTTAGTCATAGTCAGTTAGGTGGTTTACATCTACTGATTGGACTAGCTAAACGTTTTAAGGAATCACCTTTTGAATTAGAAGATTTTATTCCTATGGACAGTACAGTTAAAAACTATTTCATAACAGATGCGCAAACAGGTTCATCTAAGTGTGTGTGTTCTGTTATTGATTTATTACTTGATGATTTTGTTGAAATAATAAAATCCCAAGATTTATCTGTAGTTTCTAAGGTTGTCAAAGTGACTATTGACTATACAGAAATTTCATTTATGCTTTGGTGTAAAGATGGCCATGTAGAAACATTTTACCCAAAATTACAATCTAGTCAAGCGTGGCAACCGGGTGTTGCTATGCCTAATCTTTACAAAATGCAAAGAATGCTATTAGAAAAGTGTGACCTTCAAAATTATGGTGATAGTGCAACATTACCTAAAGGCATAATGATGAATGTCGCAAAATATACTCAACTGTGTCAATATTTAAACACATTAACATTAGCTGTACCCTATAATATGAGAGTTATACATTTTGGTGCTGGTTCTGATAAAGGAGTTGCACCAGGTACAGCTGTTTTAAGACAGTGGTTGCCTACGGGTACGCTGCTTGTCGATTCAGATCTTAATGACTTTGTCTCTGATGCAGATTCAACTTTGATTGGTGATTGTGCAACTGTACATACAGCTAATAAATGGGATCTCATTATTAGTGATATGTACGACCCTAAGACTAAAAATGTTACAAAAGAAAATGACTCTAAAGAGGGTTTTTTCACTTACATTTGTGGGTTTATACAACAAAAGCTAGCTCTTGGAGGTTCCGTGGCTATAAAGATAACAGAACATTCTTGGAATGCTGATCTTTATAAGCTCATGGGACACTTCGCATGGTGGACAGCCTTTGTTACTAATGTGAATGCGTCATCATCTGAAGCATTTTTAATTGGATGTAATTATCTTGGCAAACCACGCGAACAAATAGATGGTTATGTCATGCATGCAAATTACATATTTTGGAGGAATACAAATCCAATTCAGTTGTCTTCCTATTCTTTATTTGACATGAGTAAATTTCCCCTTAAATTAAGGGGTACTGCTGTTATGTCTTTAAAAGAAGGTCAAATCAATGATATGATTTTATCTCTTCTTAGTAAAGGTAGACTTATAATTAGAGAAAACAACAGAGTTGTTATTTCTAGTGATGTTCTTGTTAACAACTAAACGAACAATGTTTGTTTTTCTTGTTTTATTGCCACTAGTCTCTAGTCAGTGTGTTAATCTTACAACCAGAACTCAATTACCCCCTGCATACACTAATTCTTTCACACGTGGTGTTTATTACCCTGACAAAGTTTTCAGATCCTCAGTTTTACATTCAACTCAGGACTTGTTCTTACCTTTCTTTTCCAATGTTACTTGGTTCCATGCTATACATGTCTCTGGGACCAATGGTACTAAGAGGTTTGATAACCCTGTCCTACCATTTAATGATGGTGTTTATTTTGCTTCCACTGAGAAGTCTAACATAATAAGAGGCTGGATTTTTGGTACTACTTTAGATTCGAAGACCCAGTCCCTACTTATTGTTAATAACGCTACTAATGTTGTTATTAAAGTCTGTGAATTTCAATTTTGTAATGATCCATTTTTGGGTGTTTATTACCACAAAAACAACAAAAGTTGGATGGAAAGTGAGTTCAGAGTTTATTCTAGTGCGAATAATTGCACTTTTGAATATGTCTCTCAGCCTTTTCTTATGGACCTTGAAGGAAAACAGGGTAATTTCAAAAATCTTAGGGAATTTGTGTTTAAGAATATTGATGGTTATTTTAAAATATATTCTAAGCACACGCCTATTAATTTAGTGCGTGATCTCCCTCAGGGTTTTTCGGCTTTAGAACCATTGGTAGATTTGCCAATAGGTATTAACATCACTAGGTTTCAAACTTTACTTGCTTTACATAGAAGTTATTTGACTCCTGGTGATTCTTCTTCAGGTTGGACAGCTGGTGCTGCAGCTTATTATGTGGGTTATCTTCAACCTAGGACTTTTCTATTAAAATATAATGAAAATGGAACCATTACAGATGCTGTAGACTGTGCACTTGACCCTCTCTCAGAAACAAAGTGTACGTTGAAATCCTTCACTGTAGAAAAAGGAATCTATCAAACTTCTAACTTTAGAGTCCAACCAACAGAATCTATTGTTAGATTTCCTAATATTACAAACTTGTGCCCTTTTGGTGAAGTTTTTAACGCCACCAGATTTGCATCTGTTTATGCTTGGAACAGGAAGAGAATCAGCAACTGTGTTGCTGATTATTCTGTCCTATATAATTCCGCATCATTTTCCACTTTTAAGTGTTATGGAGTGTCTCCTACTAAATTAAATGATCTCTGCTTTACTAATGTCTATGCAGATTCATTTGTAATTAGAGGTGATGAAGTCAGACAAATCGCTCCAGGGCAAACTGGAAAGATTGCTGATTATAATTATAAATTACCAGATGATTTTACAGGCTGCGTTATAGCTTGGAATTCTAACAATCTTGATTCTAAGGTTGGTGGTAATTATAATTACCTGTATAGATTGTTTAGGAAGTCTAATCTCAAACCTTTTGAGAGAGATATTTCAACTGAAATCTATCAGGCCGGTAGCACACCTTGTAATGGTGTTGAAGGTTTTAATTGTTACTTTCCTTTACAATCATATGGTTTCCAACCCACTAATGGTGTTGGTTACCAACCATACAGAGTAGTAGTACTTTCTTTTGAACTTCTACATGCACCAGCAACTGTTTGTGGACCTAAAAAGTCTACTAATTTGGTTAAAAACAAATGTGTCAATTTCAACTTCAATGGTTTAACAGGCACAGGTGTTCTTACTGAGTCTAACAAAAAGTTTCTGCCTTTCCAACAATTTGGCAGAGACATTGCTGACACTACTGATGCTGTCCGTGATCCACAGACACTTGAGATTCTTGACATTACACCATGTTCTTTTGGTGGTGTCAGTGTTATAACACCAGGAACAAATACTTCTAACCAGGTTGCTGTTCTTTATCAGGATGTTAACTGCACAGAAGTCCCTGTTGCTATTCATGCAGATCAACTTACTCCTACTTGGCGTGTTTATTCTACAGGTTCTAATGTTTTTCAAACACGTGCAGGCTGTTTAATAGGGGCTGAACATGTCAACAACTCATATGAGTGTGACATACCCATTGGTGCAGGTATATGCGCTAGTTATCAGACTCAGACTAATTCTCCTCGGCGGGCACGTAGTGTAGCTAGTCAATCCATCATTGCCTACACTATGTCACTTGGTGCAGAAAATTCAGTTGCTTACTCTAATAACTCTATTGCCATACCCACAAATTTTACTATTAGTGTTACCACAGAAATTCTACCAGTGTCTATGACCAAGACATCAGTAGATTGTACAATGTACATTTGTGGTGATTCAACTGAATGCAGCAATCTTTTGTTGCAATATGGCAGTTTTTGTACACAATTAAACCGTGCTTTAACTGGAATAGCTGTTGAACAAGACAAAAACACCCAAGAAGTTTTTGCACAAGTCAAACAAATTTACAAAACACCACCAATTAAAGATTTTGGTGGTTTTAATTTTTCACAAATATTACCAGATCCATCAAAACCAAGCAAGAGGTCATTTATTGAAGATCTACTTTTCAACAAAGTGACACTTGCAGATGCTGGCTTCATCAAACAATATGGTGATTGCCTTGGTGATATTGCTGCTAGAGACCTCATTTGTGCACAAAAGTTTAACGGCCTTACTGTTTTGCCACCTTTGCTCACAGATGAAATGATTGCTCAATACACTTCTGCACTGTTAGCGGGTACAATCACTTCTGGTTGGACCTTTGGTGCAGGTGCTGCATTACAAATACCATTTGCTATGCAAATGGCTTATAGGTTTAATGGTATTGGAGTTACACAGAATGTTCTCTATGAGAACCAAAAATTGATTGCCAACCAATTTAATAGTGCTATTGGCAAAATTCAAGACTCACTTTCTTCCACAGCAAGTGCACTTGGAAAACTTCAAGATGTGGTCAACCAAAATGCACAAGCTTTAAACACGCTTGTTAAACAACTTAGCTCCAATTTTGGTGCAATTTCAAGTGTTTTAAATGATATCCTTTCACGTCTTGACAAAGTTGAGGCTGAAGTGCAAATTGATAGGTTGATCACAGGCAGACTTCAAAGTTTGCAGACATATGTGACTCAACAATTAATTAGAGCTGCAGAAATCAGAGCTTCTGCTAATCTTGCTGCTACTAAAATGTCAGAGTGTGTACTTGGACAATCAAAAAGAGTTGATTTTTGTGGAAAGGGCTATCATCTTATGTCCTTCCCTCAGTCAGCACCTCATGGTGTAGTCTTCTTGCATGTGACTTATGTCCCTGCACAAGAAAAGAACTTCACAACTGCTCCTGCCATTTGTCATGATGGAAAAGCACACTTTCCTCGTGAAGGTGTCTTTGTTTCAAATGGCACACACTGGTTTGTAACACAAAGGAATTTTTATGAACCACAAATCATTACTACAGACAACACATTTGTGTCTGGTAACTGTGATGTTGTAATAGGAATTGTCAACAACACAGTTTATGATCCTTTGCAACCTGAATTAGAC
137,A
1970,C
789,A
1257,T
1629,T
427,T
237,G
529,G
1327,A
1870,T
2023,A
1762,G
1029,G
1891,C
1076,T
254,C
165,A
142,T
416,G
1462,A
1599,G
794,C
778,C
731,T
1765,T
1534,T
45,A
1026,G
449,A
1943,T
1598,C
530,C
898,A
1146,C
1300,T
737,GAATGGTGG
1203,TGAC
590,T
148,T
1810,T
2105,C
623,T
791,G
998,T
840,T
7,T
95,T
1914,C
296,C
680,C
1986,C
927,T
19,T
1934,TT
1679,C
266,G
31,C
303,T
1925,T
101,T
999,G
1495,G
1023,G
864,C
1211,C
756,T
520,G
462,G
246,T
1031,G
2022,T
97,T
1263,C
1270,GTTCATCAGACAAGAGGAAGTT
1756,C
30,C
648,T
724,A
1248,G
614,G
1350,ATACAGTTTCCTGTTTACCTTTT
164,C
1478,A
1411,G
1553,G
267,A
2048,G
1976,G
1441,G
1710,C
1857,G
819,A
328,C
11,T
69,T
838,A
921,C
495,T
1330,T
1531,G
1969,A
307,A
144,A
1726,T
257,C
352,G
200,C
1960,G
1532,G
1716,G
213,T
227,T
1907,T
1502,T
1511,G
2056,G
1371,T
938,AA
917,G
120,AACTGTAACTTTG
498,C
562,T
859,G
1802,A
1187,G
1421,A
761,C
1755,G
2007,GAGCTGC
433,A
1397,T
868,C
314,T
1995,C
1165,G
1659,T
933,C
566,T
1971,C
1164,G
741,T
315,G
1234,T
2099,G
1244,A
497,C
32,A
784,G
1640,A
1424,A
1863,A
191,G
739,T
661,C
199,T
851,C
98,A
1630,T
1464,A
310,T
1851,TGT
813,C
722,C
1832,G
180,GCG
803,C
842,A
798,A
653,G
2047,T
347,T
332,A
229,C
163,G
981,T
820,C
740,C
625,G
691,C
338,T
467,C
1945,A
3,G
1984,GG
822,A
1898,G
504,C
1512,A
35,G
1107,G
711,G
1651,A
1188,C
2070,G
966,T
1077,G
861,A
1692,C
333,T
1253,T
1593,A
1590,T
1131,T
12,T
1017,G
82,TTTT
1654,T
1241,G
810,T
1768,TACAAAACATTCCCACCAACAGAGCCTAAAAAGGACAAAAAGAAGAAGGCTGATGAAACTCAAGCCTTACCGCAGAGACAGAAGAAACAGCAAACTGTGACTCTTCTTCCTGCTGCAGATTTGGATGATTTCTCCAAACAATTGCAACAATCCATGAGCAGTGCTGACTCAACTCAGGCCTAAACTCATGCAGACCACACAAGGCAGATGGGCTATATAAACGTTTTCGCTTTTCCGTTTACGATATATAGTCTACTCTTGTGCAGAATGAATTCTCGTAACT
208,C
1250,C
1280,T
26,T
571,A
1105,G
565,G
799,C
1433,T
1954,A
969,C
1796,G
2009,G
295,T
475,T
511,T
397,C
129,A
1790,C
1292,TT
78,A
878,G
843,C
133,T
72,A
967,T
809,T
252,C
604,G
588,AATGGAGATTGATTAAACGAACATGAAA
345,C
1382,T
573,C
516,C
1275,TC
1674,G
1369,C
1897,AGG
1985,T
1603,T
1967,T
855,T
1024,T
275,C
1867,G
745,T
1446,C
1841,G
1427,T
863,T
766,G
1798,A
469,T
451,T
1815,T
2045,T
1959,T
751,T
1746,G
930,C
2005,C
1128,A
1454,T
779,C
1227,A
2053,A
1554,T
157,G
582,T
1828,T
16,A
1376,G
712,A
1717,T
1563,A
1536,A
1447,C
228,C
815,A
1990,T
1683,A
1880,A
964,A
399,T
1273,TCCAATTT
922,T
421,T
1749,A
1492,T
1936,C
1738,C
166,A
585,T
1219,TTGTCCTG
668,T
274,A
2060,A
1677,A
1459,T
1118,G
1020,A
1910,T
1390,G
219,T
846,T
1161,G
153,T
1385,C
13,C
1444,A
1689,A
850,C
2066,A
1099,C
895,C
1602,T
126,T
441,A
1083,A
156,C
439,C
1947,G
955,A
1733,T
1489,G
1136,A
1289,ACTTGA
344,C
346,T
294,T
512,C
1611,C
1904,C
481,T
531,G
383,A
1929,G
1978,T
401,G
1699,G
2021,C
1658,T
2089,G
1517,A
1760,T
8,C
83,T
768,A
99,T
688,A
491,T
386,C
1277,AATAGTGTT
1509,A
334,A
1179,C
1572,G
1780,C
1210,A
700,C
1648,G
627,A
2088,C
1392,G
510,A
2001,G
559,A
1809,A
963,T
63,T
897,A
946,A
2085,G
1628,T
1288,TCTGCTATTCCTTGTTTTAATTATGCTTATTATCTTTTGGTTCTC
256,T
188,T
952,G
1149,T
2039,A
2064,G
235,T
829,G
883,G
371,C
1295,GGAATCATCACAACTGTAGCTGCATTTCACCAAGAATGTAGTTTACAGTCATGTACTCAACATCAACCATA
76,A
167,C
132,A
140,C
442,C
652,A
824,A
1789,T
1601,A
1430,G
1902,T
1888,A
452,T
1533,T
1869,A
1368,A
225,A
1318,C
70,C
350,C
1226,A
326,AG
561,C
221,A
1774,G
1375,A
546,A
611,T
459,A
1217,TTGC
887,A
1711,C
1827,C
2054,T
298,T
1402,T
NC_045512.2,1+,2+,118+,119+,120+,16+,121+,18+,122+,20+,123+,124+,22+,125+,24+,126+,127+,128+,129+,130+,131+,132+,133+,134+,135+,136+,137+,138+,110+,139+,140+,141+,142+,143+,144+,145+,146+,147+,148+,149+,150+,151+,152+,153+,154+,155+,156+,157+,158+,159+,160+,161+,162+,163+,164+,165+,166+,167+,168+,169+,170+,171+,172+,173+,174+,108+,175+,176+,177+,178+,179+,180+,181+,182+,183+,270+,271+,272+,273+,274+,275+,276+,277+,278+,279+,280+,281+,282+,283+,284+,285+,286+,287+,288+,289+,290+,291+,292+,293+,294+,295+,296+,216+,297+,298+,299+,300+,301+,302+,303+,304+,305+,306+,307+,308+,309+,310+,311+,312+,313+,314+,315+,316+,317+,318+,319+,320+,321+,322+,323+,351+,352+,353+,354+,355+,356+,357+,358+,359+,360+,361+,362+,363+,364+,365+,369+,373+,375+,377+,379+,383+,384+,385+,387+,389+,406+,407+,408+,409+,410+,411+,412+,413+,415+,417+,419+,420+,428+,429+,430+,431+,432+,435+,438+,440+,443+,446+,449+,451+,454+,455+,533+,534+,535+,536+,537+,538+,539+,540+,541+,542+,543+,544+,545+,546+,547+,548+,549+,550+,551+,552+,553+,554+,555+,556+,557+,558+,559+,560+,561+,562+,563+,564+,565+,566+,567+,568+,569+,570+,571+,572+,573+,574+,575+,576+,577+,578+,484+,579+,486+,580+,581+,582+,583+,584+,585+,586+,587+,588+,1093+,1094+,1095+,1096+,1097+,1098+,1099+,1061+,1100+,1101+,1102+,1103+,1104+,1105+,1106+,1107+,1108+,1109+,1110+,1111+,1112+,1113+,1114+,1115+,1116+,1117+,1118+,1119+,1120+,1121+,1122+,1123+,1124+,1125+,1126+,1127+,1128+,1129+,1130+,1131+,1132+,1133+,1134+,1135+,1136+,1137+,1138+,1139+,1140+,1141+,1142+,1143+,1144+,1145+,1146+,1147+,1148+,1149+,1150+,1151+,1152+,1153+,1154+,1155+,1156+,1157+,1069+,1158+,1159+,1160+,1161+,1162+,1163+,1164+,1165+,1166+,1167+,1168+,1169+,1170+,1171+,1172+,1173+,1174+,1175+,1176+,1177+,1178+,1179+,1180+,1181+,1182+,1183+,1184+,947+,1185+,1186+,1187+,1188+,1189+,1190+,1191+,1192+,1193+,1194+,1195+,1196+,1197+,1198+,1199+,1200+,1201+,1202+,1203+,1204+,1205+,1206+,1207+,1208+,1209+,1210+,1211+,1212+,1213+,1214+,1215+,1216+,1217+,1218+,1219+,1220+,1221+,1222+,1223+,1224+,1225+,1226+,1227+,1228+,1229+,1230+,1231+,1232+,1233+,1234+,1235+,1236+,1237+,1238+,1239+,1240+,1241+,1242+,1243+,1244+,1245+,1246+,1247+,1248+,1249+,1250+,667+,1251+,1252+,1253+,1254+,1255+,1256+,1257+,1258+,1259+,1260+,1261+,1262+,1263+,1264+,1265+,1266+,1267+,1268+,1269+,1270+,1271+,1272+,1273+,1274+,1275+,1276+,1277+,1278+,1279+,1280+,1281+,1282+,1283+,1284+,1285+,1286+,1287+,1288+,1289+,1290+,1291+,1292+,1293+,1294+,1295+,1296+,1297+,1298+,1299+,1300+,1301+,1302+,1303+,1304+,919+,1305+,1306+,1307+,1308+,1309+,1310+,1311+,1312+,1313+,1314+,1315+,1316+,1317+,1318+,1319+,1320+,1321+,1322+,1323+,1324+,1325+,1326+,1327+,1328+,1329+,1330+,1331+,1332+,773+,1333+,1334+,1335+,1336+,1337+,1338+,1339+,1340+,1341+,1342+,1343+,1344+,845+,1345+,1346+,1347+,1348+,1349+,1350+,1351+,1352+,1353+,1354+,1355+,1356+,1357+,1358+,1359+,1360+,1361+,1362+,1363+,1364+,1365+,1366+,1367+,1368+,1369+,728+,1370+,1371+,1372+,1373+,1374+,711+,1375+,1376+,1377+,1378+,1379+,1380+,1381+,1382+,1383+,1384+,1385+,1386+,1387+,1388+,1389+,1390+,1391+,1392+,1393+,875+,1394+,1395+,1396+,1397+,1398+,1399+,1400+,688+,1401+,1402+,785+,930+,1403+,697+,1404+,1405+,1406+,1407+,1408+,1409+,1410+,1412+,1414+,1416+,1419+,1421+,1423+,1426+,1427+,1437+,1438+,1439+,1440+,1443+,1446+,1448+,1456+,1457+,1458+,1461+,1462+,1469+,1468+,1470+,1474+,1477+,1480+,1482+,1497+,1498+,1499+,1500+,1501+,1502+,1503+,1504+,1538+,1539+,1540+,1541+,1542+,1543+,1544+,1545+,1546+,1547+,1548+,1549+,1550+,1551+,1552+,1555+,1558+,1559+,1561+,1563+,1565+,1568+,1569+,1604+,1605+,1606+,1607+,1608+,1609+,1610+,1595+,1611+,1612+,1613+,1614+,1615+,1616+,1602+,1617+,1618+,1620+,1622+,1625+,1628+,1633+,1634+,1636+,1640+,1645+,1646+,1647+,1676+,1677+,1678+,1679+,1680+,1681+,1682+,1683+,1684+,1685+,1686+,1687+,1688+,1689+,1690+,1691+,1665+,1694+,1697+,1700+,1703+,1705+,1708+,1731+,1732+,1733+,1734+,1735+,1736+,1737+,1738+,1739+,1740+,1741+,1742+,1743+,1744+,1745+,1746+,1747+,1748+,1749+,1750+,1754+,1755+,1757+,1759+,1762+,1764+,1767+,1768+,1795+,1796+,1797+,1798+,1799+,1800+,1801+,1802+,1803+,1804+,1805+,1806+,1807+,1808+,1809+,1810+,1811+,1812+,1813+,1814+,1817+,1818+,1820+,1821+,1825+,1827+,1830+,2033+,2034+,2035+,2036+,2037+,2038+,2039+,2040+,2041+,2042+,2043+,2044+,2045+,2046+,2047+,2048+,2049+,2050+,2051+,2052+,2053+,2054+,1902+,1903+,1982+,2055+,2056+,2057+,2058+,2059+,2060+,2061+,2062+,2063+,2064+,2065+,2066+,2067+,2068+,2069+,2070+,2071+,2072+,1869+,2073+,2074+,1963+,2075+,2076+,2077+,2078+,2079+,2080+,2081+,2082+,2083+,1988+,2084+,1860+,2085+,1999+,2086+,1961+,2087+,2088+,2089+,2031+,2090+,2091+,1866+,2092+,2093+,2094+,2095+,2096+,2097+,2098+,2099+,2100+,2101+,2102+,1898+,2103+,2104+,2105+,2106+,2107+,2108+,2109+,2110+,2111+,2112+,2113+,2114+,2115+,2116+,*
